ФИО,Пол,Возраст,"Устройство, с которого выполнялась покупка",Браузер,Сумма чека,Регион покупки
Williams Miss. Linda Rodriguez,female,67,mobile,Safari,1171,Los Angeles: CA
Williams Mr. Justin Harris,male,34,tablet,Edge,1658,San Antonio: TX
Joyce Mr. Paul Porter,male,54,desktop,Safari,1066,Dallas: TX
Schroeder Mr. Jeffrey Perkins,male,44,desktop,Opera,1847,San Diego: CA
Miranda Mr. Bryan Taylor,male,44,tablet,Chrome,846,Houston: TX
Sullivan Miss. Kayla Smith,female,55,tablet,Edge,1932,San Jose: CA
Taylor Miss. Jennifer Reynolds,female,59,mobile,Safari,1462,Philadelphia: PA
Griffin Mr. Jeffery Morgan,male,51,desktop,Chrome,686,Houston: TX
Kim Miss. Megan Jackson,female,31,tablet,Chrome,1674,St Louis: MO
Holmes Mr. Michael Walker,male,48,desktop,Firefox,1822,Phoenix: AZ
Collins Mr. Paul Walker,male,25,tablet,Chrome,1073,Los Angeles: CA
Edwards Miss. Elizabeth Howard,female,31,desktop,Opera,566,San Antonio: TX
Pitts Miss. Jill Sheppard,female,60,mobile,Chrome,1118,Chicago: IL
Bradley Mr. James Dunn,male,52,desktop,Chrome,933,St Louis: MO
Thompson Mr. William Thompson,male,22,desktop,Firefox,262,Philadelphia: PA
Krause Mr. Omar Wallace,male,50,tablet,Firefox,1110,Dallas: TX
Miller Miss. Cindy Hunter,female,36,mobile,Firefox,347,New York: NY
Lee Miss. Jennifer Johnson,female,21,desktop,Edge,1688,San Antonio: TX
Miles Miss. Angela Beasley,female,37,tablet,Safari,950,Chicago: IL
Parker Mr. Theodore Castaneda,male,33,tablet,Opera,1078,Chicago: IL
Nunez Mr. Shawn Maxwell,male,21,mobile,Safari,262,New York: NY
Graham Miss. Kelli Lee,female,47,mobile,Opera,1365,San Jose: CA
Dawson Miss. Vicki Nichols,female,67,desktop,Firefox,1434,Chicago: IL
Adams Miss. Heather Nelson,female,64,mobile,Firefox,350,San Diego: CA
White Mr. Charles Powell,male,68,desktop,Opera,393,San Jose: CA
Brown Mr. Kirk Fernandez,male,60,tablet,Chrome,1071,St Louis: MO
Vance Miss. Laura Cannon,female,54,mobile,Safari,299,Philadelphia: PA
Ortega Miss. Shelby Evans,female,62,tablet,Safari,263,Chicago: IL
Rich Mr. Marco Anderson,male,56,desktop,Edge,347,Chicago: IL
Wilkinson Mr. Sean Thomas,male,50,desktop,Firefox,1368,Phoenix: AZ
Sloan Miss. Amber Le,female,23,tablet,Edge,1386,Houston: TX
Davenport Mr. Jonathan Davis,male,69,desktop,Chrome,191,Chicago: IL
Weber Miss. Susan Mcdonald,female,42,desktop,Safari,1319,St Louis: MO
Rodriguez Miss. Stacey Soto,female,48,mobile,Chrome,1143,Philadelphia: PA
Boyd Miss. Emily Griffin,female,32,mobile,Chrome,1043,San Diego: CA
Allison Miss. Cindy Levy,female,45,tablet,Firefox,1856,Chicago: IL
Sanchez Mr. Peter Kelly,male,48,tablet,Edge,1983,San Jose: CA
Smith Miss. Tiffany Byrd,female,44,desktop,Firefox,1936,Dallas: TX
Moss Mr. Chad Salazar,male,51,mobile,Firefox,707,Los Angeles: CA
Garcia Miss. Samantha Maldonado,female,41,desktop,Opera,687,St Louis: MO
Drake Miss. Elizabeth Richards,female,25,mobile,Firefox,246,New York: NY
Williams Miss. Jessica Murray,female,18,desktop,Chrome,1011,Philadelphia: PA
Johnson Mr. Brett Crawford,male,34,tablet,Edge,1637,Dallas: TX
Rodriguez Mr. Jesus Edwards,male,56,tablet,Safari,1119,St Louis: MO
Glass Miss. Emma Johnson,female,67,desktop,Opera,861,San Antonio: TX
Jones Miss. Marie Stewart,female,42,tablet,Opera,1368,New York: NY
Williams Miss. Linda Mcpherson,female,63,desktop,Chrome,1500,Philadelphia: PA
Lloyd Mr. Tanner Sanders,male,55,tablet,Chrome,564,Phoenix: AZ
Schwartz Mr. Robert Sims,male,58,mobile,Opera,732,Houston: TX
Malone Miss. Jordan Chavez,female,28,tablet,Firefox,1033,Phoenix: AZ
Carter Miss. Karen Underwood,female,68,desktop,Edge,107,Dallas: TX
Yates Mr. Jeremiah Ramirez,male,51,desktop,Edge,1846,Chicago: IL
Walker Miss. Lisa Marquez,female,60,mobile,Safari,1806,Los Angeles: CA
Norman Mr. Adam Moore,male,35,mobile,Safari,312,St Louis: MO
Gill Mr. Sean Reese,male,26,tablet,Chrome,1021,San Antonio: TX
Brown Mr. John Greer,male,61,mobile,Opera,1282,San Jose: CA
James Mr. Michael Carter,male,20,desktop,Firefox,1521,Los Angeles: CA
Griffin Mr. Clayton Cabrera,male,64,mobile,Chrome,1201,Houston: TX
Vasquez Miss. Rachel Elliott,female,32,mobile,Edge,433,St Louis: MO
Davis Miss. Ann Gonzalez,female,28,tablet,Opera,1756,Chicago: IL
Cochran Miss. Yolanda Wood,female,34,mobile,Opera,1249,San Diego: CA
West Mr. Jeffrey Maldonado,male,45,desktop,Opera,1515,San Jose: CA
Brown Mr. Charles Pace,male,18,desktop,Opera,1375,San Jose: CA
Morrison Miss. Theresa Ray,female,39,tablet,Firefox,1773,New York: NY
Perez Miss. Mary Morales,female,67,tablet,Firefox,254,Houston: TX
Foster Miss. Tammy Frost,female,56,desktop,Chrome,516,Dallas: TX
Larsen Miss. Carrie Berger,female,42,tablet,Firefox,1224,Los Angeles: CA
Meadows Mr. Jesus Nelson,male,30,desktop,Safari,253,Houston: TX
Singleton Miss. Mary Mayer,female,19,desktop,Firefox,1357,San Diego: CA
Coleman Mr. Cory Smith,male,64,mobile,Edge,1887,San Antonio: TX
Kelly Miss. Sara Wilson,female,31,tablet,Opera,1407,New York: NY
Burke Mr. Mathew Flores,male,23,desktop,Opera,1885,San Jose: CA
Price Miss. Kathryn Finley,female,58,desktop,Chrome,812,St Louis: MO
Walton Miss. Shelby Aguilar,female,29,tablet,Chrome,593,Chicago: IL
Reyes Miss. Kimberly Richards,female,55,mobile,Opera,145,San Antonio: TX
Lawson Miss. Amy Frank,female,50,mobile,Chrome,1252,New York: NY
Martinez Mr. Bernard Robbins,male,32,desktop,Firefox,1385,St Louis: MO
Lane Mr. Thomas Potter,male,61,mobile,Safari,964,Los Angeles: CA
Mitchell Mr. Jimmy Brown,male,50,desktop,Firefox,748,Phoenix: AZ
Nolan Mr. Spencer Glenn,male,39,desktop,Edge,1448,Chicago: IL
Fleming Mr. Michael Haynes,male,63,tablet,Chrome,1933,San Diego: CA
Rocha Miss. Nancy Duffy,female,47,desktop,Firefox,805,Houston: TX
Moore Mr. Jeremiah Bates,male,34,desktop,Safari,1287,San Jose: CA
Moody Miss. Ana Serrano,female,27,tablet,Firefox,839,San Jose: CA
Wilkinson Miss. Kristina Ortiz,female,60,desktop,Chrome,843,Houston: TX
Fox Mr. Joseph Bryant,male,43,tablet,Safari,992,Houston: TX
Ramirez Mr. Daniel Webb,male,55,desktop,Edge,1323,San Diego: CA
Rhodes Mr. Robert Davis,male,60,tablet,Chrome,1252,Houston: TX
Oconnor Miss. Anna Bowen,female,34,mobile,Edge,948,New York: NY
Taylor Mr. Scott Robinson,male,70,mobile,Opera,869,Los Angeles: CA
Fischer Mr. Casey Harris,male,39,mobile,Firefox,1484,Houston: TX
Guzman Mr. Austin Nelson,male,59,mobile,Safari,750,Chicago: IL
Wood Miss. Kristin Hall,female,54,desktop,Chrome,914,Chicago: IL
Hamilton Miss. Margaret Coleman,female,35,desktop,Edge,1216,St Louis: MO
Wilson Mr. Dennis Wise,male,51,tablet,Firefox,113,Los Angeles: CA
Aguilar Mr. Tyler Castillo,male,43,mobile,Firefox,237,San Diego: CA
James Mr. John Pace,male,64,mobile,Firefox,1728,St Louis: MO
Patel Mr. Samuel Shaffer,male,42,tablet,Edge,571,San Jose: CA
Farmer Miss. Sheila Davis,female,59,tablet,Edge,718,New York: NY
Green Mr. Darrell Garcia,male,69,mobile,Firefox,1151,San Antonio: TX
Jensen Miss. Jodi Johnson,female,56,mobile,Safari,1990,San Jose: CA
Jimenez Mr. Austin Franklin,male,33,desktop,Chrome,1073,St Louis: MO
Lee Mr. Wyatt Johnson,male,21,tablet,Edge,1444,Dallas: TX
Walker Miss. Nicole Ferrell,female,61,mobile,Safari,515,St Louis: MO
Snyder Mr. Christopher Garcia,male,42,desktop,Safari,939,Dallas: TX
Warren Mr. Charles Knapp,male,65,mobile,Opera,574,Los Angeles: CA
Fields Miss. Maureen Curtis,female,36,tablet,Chrome,303,Dallas: TX
Jones Mr. Jerry Goodman,male,54,mobile,Chrome,1321,Phoenix: AZ
Kelley Mr. Joshua Rogers,male,44,mobile,Firefox,268,Chicago: IL
Wade Mr. Thomas Guzman,male,59,desktop,Opera,1806,Los Angeles: CA
Phillips Mr. David Lee,male,57,mobile,Chrome,215,St Louis: MO
Nolan Mr. Randy Jones,male,27,mobile,Opera,1765,Phoenix: AZ
Mullins Miss. Joanne Stone,female,22,tablet,Edge,254,San Jose: CA
Moore Mr. Brian Phillips,male,25,desktop,Chrome,752,Phoenix: AZ
Henderson Mr. Richard Bowman,male,33,mobile,Chrome,1403,San Jose: CA
Johnson Mr. Kevin Bennett,male,32,mobile,Opera,467,St Louis: MO
Alexander Mr. Brian Buckley,male,50,mobile,Opera,1702,New York: NY
Ruiz Mr. David Smith,male,34,desktop,Safari,1015,San Diego: CA
Vaughn Miss. Sarah Rogers,female,62,mobile,Firefox,1608,Phoenix: AZ
Morales Miss. Tamara Davis,female,70,tablet,Chrome,1557,San Diego: CA
Benton Mr. Lee Huang,male,48,desktop,Safari,1840,Philadelphia: PA
Baker Miss. Deborah Chang,female,69,mobile,Safari,940,San Antonio: TX
Brown Miss. Chelsey Rodriguez,female,40,mobile,Opera,1510,Chicago: IL
Garrett Miss. Christina Lambert,female,59,tablet,Edge,656,San Antonio: TX
Decker Miss. April Fowler,female,45,desktop,Chrome,1699,San Antonio: TX
Stokes Miss. Katie Brown,female,48,desktop,Edge,993,Phoenix: AZ
Everett Mr. Robert Ortiz,male,41,desktop,Chrome,313,Houston: TX
Jones Mr. Andrew Kelly,male,59,mobile,Opera,485,Los Angeles: CA
Hammond Miss. Terri Hanna,female,56,mobile,Opera,1301,Los Angeles: CA
Weber Miss. Amy Oneal,female,29,desktop,Safari,454,Chicago: IL
Dunn Mr. Preston Houston,male,54,tablet,Chrome,286,Houston: TX
Smith Mr. James Gamble,male,58,mobile,Safari,1614,Los Angeles: CA
Coleman Miss. Dana Jacobs,female,63,mobile,Edge,732,San Diego: CA
Beard Miss. Denise Cabrera,female,25,tablet,Chrome,1199,San Jose: CA
Harris Mr. Nathan Hunt,male,40,desktop,Firefox,1491,New York: NY
Oneal Mr. Michael Thomas,male,70,desktop,Opera,631,Dallas: TX
Gamble Miss. Allison Hall,female,18,mobile,Opera,1223,San Diego: CA
Hansen Miss. Kathleen Figueroa,female,64,desktop,Opera,1185,Houston: TX
Warren Miss. Hannah Sawyer,female,58,desktop,Edge,1641,San Jose: CA
Walsh Mr. Mark Woodard,male,52,tablet,Edge,1659,Houston: TX
Orozco Miss. Kelly Martin,female,48,desktop,Firefox,1755,Phoenix: AZ
Cook Mr. Barry Young,male,18,desktop,Safari,1024,San Diego: CA
Washington Mr. Daniel Williams,male,34,mobile,Firefox,855,Phoenix: AZ
Ellis Miss. Vickie Smith,female,26,tablet,Edge,228,San Antonio: TX
Garcia Mr. Thomas Shaffer,male,42,tablet,Firefox,317,St Louis: MO
Suarez Mr. Christopher Vasquez,male,32,mobile,Chrome,1318,Philadelphia: PA
Cunningham Mr. Todd Flores,male,42,desktop,Edge,1222,San Jose: CA
Medina Mr. Kelly Bailey,male,62,mobile,Chrome,1090,New York: NY
Castillo Mr. Jose Hall,male,31,tablet,Opera,859,Dallas: TX
Frederick Miss. Andrea Meyer,female,56,desktop,Edge,1227,New York: NY
Payne Miss. Mary Casey,female,24,tablet,Chrome,1840,Chicago: IL
Kemp Miss. Amber Newton,female,44,tablet,Firefox,1579,St Louis: MO
Vazquez Mr. Bradley Mccoy,male,52,mobile,Safari,1532,San Antonio: TX
Williams Miss. Taylor Key,female,45,desktop,Opera,619,New York: NY
Johnson Mr. Brian Powell,male,64,desktop,Opera,1708,Philadelphia: PA
Byrd Miss. Elizabeth Watkins,female,52,desktop,Opera,1398,San Diego: CA
Riddle Miss. Rachel Carter,female,61,mobile,Edge,1305,San Jose: CA
Cobb Mr. Eric Dunn,male,64,mobile,Opera,952,New York: NY
Anderson Miss. Savannah Sanders,female,52,mobile,Firefox,848,Houston: TX
Strickland Miss. Brenda Sloan,female,62,desktop,Chrome,1679,San Diego: CA
Baker Mr. David Cole,male,66,mobile,Edge,250,San Diego: CA
Gonzalez Miss. Natalie Chandler,female,25,tablet,Safari,269,San Antonio: TX
Duncan Mr. Nathan Thompson,male,39,mobile,Firefox,474,Houston: TX
Mcdonald Mr. Eddie Collins,male,68,mobile,Safari,806,Phoenix: AZ
Grant Miss. Lisa Martin,female,44,desktop,Opera,1274,Philadelphia: PA
Gonzalez Miss. Colleen White,female,32,mobile,Edge,833,Los Angeles: CA
Hunter Miss. Jennifer Fowler,female,31,mobile,Firefox,587,Phoenix: AZ
Hanson Mr. Patrick Garcia,male,45,tablet,Opera,1663,San Antonio: TX
Kramer Mr. Andrew Aguilar,male,20,mobile,Firefox,122,San Antonio: TX
Bailey Miss. Jennifer Williamson,female,24,mobile,Edge,933,Phoenix: AZ
Costa Mr. Mark French,male,66,tablet,Opera,865,San Antonio: TX
Christensen Mr. Ryan White,male,42,mobile,Safari,1219,Chicago: IL
Thompson Miss. Lauren Rodriguez,female,67,tablet,Chrome,1721,Philadelphia: PA
Larson Mr. Carl Baker,male,34,tablet,Chrome,661,San Jose: CA
Perez Mr. Chad Cox,male,56,mobile,Safari,1620,Phoenix: AZ
Pierce Mr. Matthew Nunez,male,63,desktop,Edge,995,St Louis: MO
Bentley Mr. James Harris,male,44,tablet,Safari,1808,Chicago: IL
Miller Miss. Sharon Mullins,female,28,mobile,Opera,819,Phoenix: AZ
Gaines Miss. Barbara Baxter,female,21,mobile,Opera,274,Los Angeles: CA
Frazier Mr. Jonathan Thompson,male,62,mobile,Safari,501,Chicago: IL
Trujillo Miss. Samantha Juarez,female,20,desktop,Opera,1227,Dallas: TX
Pollard Miss. Joy Rhodes,female,50,mobile,Edge,1722,Phoenix: AZ
Marquez Mr. William Hill,male,44,desktop,Opera,1347,San Jose: CA
Day Mr. Kristopher Morrison,male,67,desktop,Firefox,869,Dallas: TX
Harris Mr. Walter Gardner,male,67,desktop,Safari,1896,Chicago: IL
Townsend Mr. Daniel Vang,male,43,mobile,Firefox,704,Phoenix: AZ
Wright Mr. Ross Cox,male,29,mobile,Opera,1034,San Antonio: TX
Hubbard Miss. Sarah Reyes,female,20,tablet,Safari,1425,San Diego: CA
Stevens Miss. Traci Hunter,female,43,tablet,Chrome,919,Chicago: IL
Wagner Mr. Patrick Robinson,male,42,mobile,Safari,1631,Dallas: TX
Ross Miss. Terri Jefferson,female,40,mobile,Edge,222,Phoenix: AZ
Nelson Mr. Robert Jackson,male,47,desktop,Edge,579,St Louis: MO
Green Miss. Stacy West,female,68,desktop,Firefox,1045,New York: NY
Berry Miss. Tammy Hampton,female,29,mobile,Firefox,1749,St Louis: MO
Walker Mr. Raymond Robinson,male,21,mobile,Opera,1509,San Antonio: TX
Bennett Miss. Jamie Gonzalez,female,28,mobile,Safari,1050,San Antonio: TX
Pugh Miss. Christina Martin,female,27,tablet,Safari,1733,New York: NY
Golden Mr. Brandon Nguyen,male,36,desktop,Chrome,478,Philadelphia: PA
Richardson Mr. John Williams,male,64,desktop,Safari,1763,Philadelphia: PA
Johns Mr. Eric Brown,male,30,mobile,Opera,168,San Jose: CA
Guzman Miss. Amy Wagner,female,65,desktop,Opera,396,San Antonio: TX
Sheppard Mr. Philip Rowe,male,49,tablet,Edge,1897,Dallas: TX
Smith Mr. Michael Johnson,male,26,mobile,Chrome,992,Philadelphia: PA
Hill Mr. Joshua Alexander,male,57,tablet,Safari,434,San Diego: CA
Montes Mr. William Rivera,male,46,desktop,Opera,1133,San Jose: CA
Anthony Miss. Tiffany Baker,female,40,desktop,Firefox,1072,Houston: TX
Stevens Mr. Curtis Johnson,male,53,tablet,Firefox,277,Los Angeles: CA
Wilson Miss. Jasmin Williams,female,66,mobile,Chrome,492,Los Angeles: CA
Cox Mr. Raymond Martinez,male,48,mobile,Opera,429,Philadelphia: PA
Byrd Miss. Holly Ward,female,41,tablet,Chrome,1717,New York: NY
Sosa Mr. Scott Webb,male,64,mobile,Edge,398,New York: NY
Gonzalez Miss. Jaclyn King,female,26,desktop,Firefox,194,Chicago: IL
Kelly Miss. Megan Davis,female,58,desktop,Chrome,1028,Philadelphia: PA
West Miss. Maria Christian,female,43,tablet,Chrome,943,Dallas: TX
Sandoval Miss. Wendy Carpenter,female,28,tablet,Opera,979,Phoenix: AZ
Shea Mr. Richard Castaneda,male,58,mobile,Opera,218,San Jose: CA
Jones Miss. Dawn Gonzalez,female,66,tablet,Firefox,1895,San Antonio: TX
Anderson Miss. Jennifer Morris,female,57,desktop,Firefox,358,Los Angeles: CA
Simmons Miss. Amy Rosario,female,62,mobile,Firefox,1741,Philadelphia: PA
Stein Miss. Samantha Craig,female,40,desktop,Firefox,1148,Los Angeles: CA
Rasmussen Mr. Justin Davis,male,37,desktop,Safari,323,San Jose: CA
Davis Miss. Cynthia Porter,female,56,mobile,Edge,620,Houston: TX
Moore Mr. Keith Sparks,male,39,tablet,Edge,1864,St Louis: MO
Clark Mr. Miguel Hampton,male,22,desktop,Opera,879,Philadelphia: PA
Beck Mr. David Dennis,male,66,desktop,Chrome,107,Philadelphia: PA
Simpson Mr. Jeremiah Johnson,male,62,tablet,Chrome,660,Philadelphia: PA
Suarez Mr. David Washington,male,46,tablet,Chrome,690,Houston: TX
Anthony Mr. Steven Gray,male,44,tablet,Chrome,1329,Chicago: IL
Brown Miss. Kristen Hess,female,52,mobile,Firefox,481,Phoenix: AZ
Short Mr. Ronald Choi,male,25,mobile,Chrome,309,Los Angeles: CA
Hester Mr. John Chung,male,48,desktop,Edge,294,St Louis: MO
Larson Mr. Jerry Johnson,male,59,tablet,Safari,241,Los Angeles: CA
Johnson Miss. Kristine Hernandez,female,24,desktop,Opera,802,St Louis: MO
Byrd Miss. Michelle Pruitt,female,19,tablet,Chrome,752,St Louis: MO
Williams Miss. Janice Ochoa,female,30,tablet,Safari,1060,Philadelphia: PA
Moyer Mr. James Branch,male,33,desktop,Chrome,1792,Houston: TX
Gentry Miss. Margaret Martin,female,31,mobile,Firefox,127,San Antonio: TX
Butler Mr. Todd Fisher,male,25,desktop,Safari,1432,Philadelphia: PA
Miles Miss. Kimberly Warner,female,27,desktop,Edge,194,Los Angeles: CA
Evans Mr. Matthew Nelson,male,35,mobile,Opera,1680,San Diego: CA
Duncan Miss. Megan Kaiser,female,64,desktop,Chrome,374,Chicago: IL
Boyd Mr. Antonio Williams,male,28,desktop,Chrome,1357,St Louis: MO
Green Miss. Ellen White,female,58,mobile,Safari,1390,Los Angeles: CA
Hays Mr. Edward Hayes,male,45,desktop,Edge,1047,San Jose: CA
Smith Mr. Jordan Beck,male,34,desktop,Firefox,1046,San Diego: CA
Wright Miss. Elizabeth Berry,female,58,tablet,Chrome,459,Houston: TX
Perez Miss. Melissa Vazquez,female,47,mobile,Chrome,679,Dallas: TX
Jarvis Miss. Kellie Clark,female,59,mobile,Edge,1079,Houston: TX
Davis Mr. Thomas Brady,male,60,mobile,Chrome,1959,St Louis: MO
Cain Miss. Felicia Hansen,female,37,desktop,Safari,245,Phoenix: AZ
Hines Miss. Jacqueline Williams,female,47,mobile,Safari,737,Houston: TX
Bryant Miss. Kylie Cox,female,21,mobile,Chrome,1387,San Diego: CA
Richardson Miss. Rebecca Smith,female,33,desktop,Safari,454,St Louis: MO
Everett Mr. Carl Nielsen,male,57,mobile,Safari,1848,Houston: TX
Castillo Mr. Alan White,male,31,mobile,Safari,1112,Chicago: IL
Smith Miss. Ashley Campbell,female,18,desktop,Opera,1127,Dallas: TX
Dyer Miss. Sophia Williams,female,60,tablet,Opera,1579,Chicago: IL
Lawrence Mr. Alan Johnson,male,51,mobile,Firefox,1850,San Diego: CA
Hall Mr. Daniel Ellis,male,64,tablet,Opera,363,New York: NY
Gould Mr. Joe Watson,male,58,mobile,Chrome,1040,San Jose: CA
Williams Mr. Michael Tyler,male,34,mobile,Safari,893,Dallas: TX
Hall Miss. Lisa Patterson,female,25,tablet,Chrome,1371,St Louis: MO
Rodriguez Mr. Michael Chavez,male,38,tablet,Safari,1056,Phoenix: AZ
Mcintyre Mr. Ian Maldonado,male,26,mobile,Firefox,1609,Phoenix: AZ
Pittman Mr. Randy Pitts,male,54,desktop,Edge,991,San Jose: CA
Lopez Miss. Amanda Reed,female,47,tablet,Chrome,1856,Los Angeles: CA
Valdez Miss. Jessica Brown,female,60,mobile,Opera,803,Phoenix: AZ
Wang Miss. Katrina Johnson,female,30,tablet,Opera,1370,San Antonio: TX
Rosales Miss. Nancy Willis,female,22,mobile,Safari,679,Houston: TX
Edwards Miss. Meagan Whitehead,female,26,desktop,Firefox,1215,San Antonio: TX
Baker Mr. Jonathan Bell,male,46,tablet,Chrome,1516,Philadelphia: PA
Rush Miss. Suzanne Wiley,female,30,desktop,Opera,993,New York: NY
Mcdonald Miss. Monique Beard,female,44,tablet,Chrome,1297,San Antonio: TX
Faulkner Miss. Brandi Scott,female,70,tablet,Safari,555,San Diego: CA
Richards Miss. Jo Carey,female,22,desktop,Edge,1940,Chicago: IL
Campbell Miss. Cynthia Gonzalez,female,69,desktop,Chrome,1449,New York: NY
Wells Miss. Karen Barnes,female,25,mobile,Safari,1360,San Antonio: TX
Waller Miss. Heather Harvey,female,26,tablet,Chrome,1767,San Jose: CA
Owens Miss. Molly Ryan,female,45,mobile,Edge,338,Philadelphia: PA
Bonilla Mr. Andrew Ruiz,male,46,tablet,Edge,1180,Dallas: TX
Johnson Miss. Tara Williams,female,45,desktop,Opera,1622,Los Angeles: CA
Collins Mr. Tyler Bowen,male,39,tablet,Firefox,389,Phoenix: AZ
Parker Mr. Paul Carter,male,38,tablet,Opera,1826,Philadelphia: PA
Harris Mr. Timothy Wright,male,69,mobile,Safari,125,San Jose: CA
Berry Mr. David Hoover,male,48,tablet,Safari,774,Houston: TX
Ross Miss. Anna Johnson,female,25,desktop,Firefox,605,San Jose: CA
Browning Mr. Gary White,male,18,mobile,Chrome,1684,San Jose: CA
Soto Miss. Michele Morgan,female,20,desktop,Opera,1071,Philadelphia: PA
Erickson Miss. Mary Coleman,female,55,tablet,Firefox,639,Phoenix: AZ
Bauer Miss. Patricia Morris,female,64,desktop,Firefox,1522,Phoenix: AZ
Roth Mr. Christopher Johnston,male,58,desktop,Opera,1946,Houston: TX
Romero Mr. Anthony Wilson,male,59,desktop,Firefox,986,San Diego: CA
Carter Mr. Eric Durham,male,43,desktop,Opera,1686,Los Angeles: CA
Burns Mr. Alexander Dunn,male,43,tablet,Edge,1906,New York: NY
Rodriguez Mr. Tyler Shepherd,male,59,mobile,Edge,1790,Houston: TX
Fuller Miss. Elizabeth Smith,female,34,mobile,Edge,1632,Chicago: IL
Hopkins Mr. Alexander Thompson,male,44,tablet,Safari,1785,St Louis: MO
Potter Mr. Christopher Smith,male,19,tablet,Edge,1714,Houston: TX
Molina Mr. Jake Miller,male,61,desktop,Firefox,1989,St Louis: MO
Bishop Mr. Austin Garcia,male,37,desktop,Safari,1569,Phoenix: AZ
Coleman Mr. John Le,male,63,desktop,Chrome,796,Phoenix: AZ
Cox Miss. Erica Moore,female,44,desktop,Edge,1723,San Jose: CA
Mendoza Mr. Brian Vargas,male,48,tablet,Firefox,766,San Jose: CA
Lawrence Miss. Misty Edwards,female,19,desktop,Firefox,1155,Chicago: IL
Cook Miss. Angela Hobbs,female,65,mobile,Safari,1174,San Antonio: TX
Gibson Miss. Sheri Dean,female,40,mobile,Edge,1823,Dallas: TX
Wong Miss. Brenda Roy,female,33,mobile,Chrome,1045,Chicago: IL
Quinn Mr. Andrew Hill,male,62,mobile,Opera,1426,Phoenix: AZ
Atkinson Mr. Zachary Rodriguez,male,65,desktop,Edge,1603,Los Angeles: CA
Fowler Miss. Jacqueline Berry,female,67,tablet,Firefox,269,San Jose: CA
Ortega Miss. Shelley Ramos,female,60,desktop,Firefox,1164,San Antonio: TX
Gallagher Mr. Michael Lee,male,69,tablet,Chrome,348,Philadelphia: PA
Jefferson Miss. Leah Harris,female,20,mobile,Edge,531,San Antonio: TX
Stanley Mr. David Ellison,male,33,desktop,Safari,1033,Chicago: IL
Anderson Miss. Heather Jackson,female,42,tablet,Opera,974,San Jose: CA
Mitchell Miss. Tammy Lopez,female,36,mobile,Safari,426,Chicago: IL
Alexander Mr. Troy Prince,male,70,mobile,Safari,1098,San Jose: CA
Green Mr. William Marshall,male,48,mobile,Chrome,1480,St Louis: MO
Mason Miss. Jennifer Williams,female,39,desktop,Safari,502,Philadelphia: PA
Anderson Miss. Cassandra Alexander,female,63,mobile,Edge,107,New York: NY
Chen Mr. Garrett Skinner,male,22,mobile,Safari,1817,Houston: TX
Mccoy Mr. Brandon Woods,male,31,tablet,Edge,108,Houston: TX
Mora Mr. Matthew Potter,male,58,desktop,Edge,399,Phoenix: AZ
Johnson Miss. Jennifer Andrade,female,62,desktop,Firefox,573,Chicago: IL
Weaver Miss. Latoya Johnson,female,68,tablet,Safari,584,New York: NY
Carter Miss. Angela Nguyen,female,51,desktop,Edge,1945,San Antonio: TX
Vargas Miss. Mia Knight,female,21,mobile,Firefox,1617,St Louis: MO
Jackson Mr. Nicholas Martin,male,29,desktop,Firefox,1053,Philadelphia: PA
Powell Miss. Denise Ross,female,46,mobile,Safari,1700,New York: NY
Cruz Mr. Tyler Price,male,38,mobile,Chrome,443,Los Angeles: CA
Blankenship Miss. Kathleen Berry,female,43,mobile,Firefox,682,San Antonio: TX
Gray Mr. Leroy Smith,male,38,desktop,Opera,1623,Phoenix: AZ
Freeman Mr. Kevin Gentry,male,40,tablet,Opera,695,Chicago: IL
Rivera Miss. Kimberly Hurley,female,31,desktop,Chrome,334,St Louis: MO
Rice Miss. Alejandra Sims,female,33,mobile,Safari,737,San Diego: CA
Sullivan Mr. Brian Cameron,male,40,mobile,Chrome,1258,Chicago: IL
Mejia Mr. Samuel Patrick,male,59,desktop,Firefox,698,Philadelphia: PA
Ruiz Miss. Tammy Richardson,female,48,desktop,Firefox,494,St Louis: MO
Short Miss. Adriana Kennedy,female,40,tablet,Firefox,1926,Philadelphia: PA
Stafford Miss. Pamela Ortiz,female,22,mobile,Edge,1402,San Jose: CA
Martinez Mr. Steven Clark,male,51,mobile,Chrome,730,Philadelphia: PA
Burton Mr. Cesar Gonzales,male,46,tablet,Opera,1378,Phoenix: AZ
Wolf Miss. Kara Fitzpatrick,female,18,mobile,Firefox,1550,Chicago: IL
Gilbert Mr. Mario Wyatt,male,25,mobile,Safari,1309,Los Angeles: CA
Warner Mr. Joseph Williams,male,49,tablet,Edge,360,San Jose: CA
Keller Mr. Anthony Mathis,male,20,mobile,Edge,1968,San Antonio: TX
Garrett Miss. Amanda Gomez,female,46,mobile,Safari,1676,St Louis: MO
Flores Mr. Seth Sanchez,male,35,tablet,Chrome,1825,Houston: TX
Harris Mr. Paul Carroll,male,30,tablet,Firefox,1684,Houston: TX
Diaz Miss. Kelly Mcdonald,female,30,tablet,Edge,852,San Jose: CA
Clarke Miss. Erin Rodriguez,female,20,tablet,Opera,1798,San Jose: CA
Reilly Miss. Kayla Underwood,female,53,tablet,Opera,1711,New York: NY
Kidd Mr. Daniel Fernandez,male,57,desktop,Safari,908,St Louis: MO
Hooper Mr. Nicholas Santiago,male,25,desktop,Chrome,529,San Diego: CA
Clark Mr. Alexander Martinez,male,28,tablet,Safari,1577,Chicago: IL
Clark Miss. Nicole Cook,female,25,tablet,Chrome,659,St Louis: MO
Fox Miss. Susan Lopez,female,65,desktop,Opera,1829,San Antonio: TX
Wilcox Miss. Stacy Hernandez,female,41,tablet,Opera,1068,New York: NY
Gilbert Mr. Shaun Rogers,male,29,desktop,Edge,1229,San Antonio: TX
Tucker Miss. Karen Nelson,female,23,tablet,Opera,1412,San Diego: CA
Edwards Miss. Kayla Stewart,female,51,mobile,Firefox,1912,San Diego: CA
Meyer Mr. James Rogers,male,22,tablet,Edge,1222,Dallas: TX
Frey Miss. Tiffany Nolan,female,58,desktop,Chrome,1009,New York: NY
Henson Mr. Stephen Gray,male,53,tablet,Chrome,1379,San Jose: CA
Gomez Miss. Kristina Murphy,female,51,mobile,Safari,898,New York: NY
Mason Mr. Rick Preston,male,57,desktop,Firefox,688,New York: NY
Mills Mr. Jeffery Strickland,male,39,desktop,Firefox,1650,Philadelphia: PA
Roberts Mr. Michael Young,male,67,mobile,Firefox,266,New York: NY
Moore Mr. Marc Gonzales,male,47,tablet,Edge,554,Dallas: TX
Wagner Miss. Patricia Norman,female,66,desktop,Chrome,1662,Houston: TX
Johnson Mr. Christian Williams,male,31,desktop,Opera,1617,Chicago: IL
Anderson Miss. Rachel Rose,female,18,desktop,Chrome,1049,Philadelphia: PA
Bell Mr. Eric Evans,male,39,tablet,Safari,1844,Los Angeles: CA
Perkins Miss. Susan Martin,female,60,desktop,Edge,581,New York: NY
Moses Miss. Megan Caldwell,female,69,tablet,Opera,1501,St Louis: MO
Young Miss. Gail Braun,female,32,mobile,Edge,950,Dallas: TX
Frazier Miss. Mariah Lewis,female,39,tablet,Chrome,949,Chicago: IL
Lindsey Mr. Eric Grant,male,25,tablet,Chrome,1981,St Louis: MO
Sanchez Miss. Amy Sheppard,female,18,desktop,Chrome,1357,Houston: TX
Morrison Mr. Matthew Smith,male,32,desktop,Safari,614,San Antonio: TX
Williams Miss. Cheryl Thompson,female,60,tablet,Chrome,1971,Philadelphia: PA
Miller Mr. John Mercer,male,44,desktop,Firefox,278,New York: NY
Chaney Miss. Christina Mercer,female,23,mobile,Firefox,1370,New York: NY
Hanson Miss. Patricia Morris,female,50,mobile,Safari,482,St Louis: MO
Quinn Miss. Frances Reed,female,23,tablet,Opera,1344,San Jose: CA
Gamble Mr. Christopher Thomas,male,18,mobile,Edge,977,Houston: TX
Cooke Mr. Zachary Pratt,male,52,desktop,Opera,1245,San Antonio: TX
Downs Mr. George Patterson,male,48,desktop,Opera,1130,Chicago: IL
Holt Miss. Sally Whitehead,female,69,tablet,Opera,340,San Antonio: TX
Andrews Miss. Tara Drake,female,65,mobile,Safari,733,Los Angeles: CA
Smith Mr. Russell Brown,male,38,mobile,Edge,1815,St Louis: MO
Davis Miss. Angela Anderson,female,69,desktop,Edge,746,Dallas: TX
Bennett Mr. Dwayne Gray,male,38,tablet,Chrome,264,San Jose: CA
Fletcher Miss. Katherine Munoz,female,19,tablet,Edge,1763,San Diego: CA
Wilson Miss. Claire Miles,female,25,desktop,Chrome,1268,Houston: TX
Smith Miss. Maria Castaneda,female,59,mobile,Edge,829,San Diego: CA
Walters Miss. Lisa Powell,female,24,mobile,Edge,1424,St Louis: MO
Hicks Mr. Robert White,male,56,tablet,Edge,1364,Los Angeles: CA
Hayes Miss. Katherine Banks,female,34,mobile,Opera,1586,New York: NY
Perez Miss. Lynn Turner,female,40,desktop,Safari,1803,San Antonio: TX
Holloway Miss. Kayla Lawrence,female,38,desktop,Edge,1671,Chicago: IL
Gould Miss. Lauren Baker,female,67,desktop,Edge,176,San Diego: CA
Perry Miss. Rachel Allison,female,46,tablet,Chrome,1250,Phoenix: AZ
Patterson Mr. Ricardo Wiley,male,31,tablet,Opera,741,New York: NY
Nicholson Mr. Kevin Dorsey,male,69,desktop,Opera,1631,Houston: TX
Hicks Miss. Jennifer Ford,female,54,tablet,Chrome,958,New York: NY
Perry Mr. John Carter,male,31,mobile,Safari,858,Chicago: IL
Lester Miss. Sierra Lang,female,32,mobile,Chrome,865,Phoenix: AZ
Hayden Mr. Victor Brown,male,62,mobile,Safari,1018,Chicago: IL
Williams Mr. Kenneth Moore,male,18,desktop,Edge,1992,San Antonio: TX
Boyd Mr. Timothy Bailey,male,52,desktop,Safari,283,Houston: TX
Foster Miss. Carrie Henry,female,41,mobile,Opera,1013,Los Angeles: CA
Ramsey Miss. Patricia Stephens,female,48,tablet,Safari,158,Dallas: TX
Miller Miss. Glenda Ryan,female,62,desktop,Firefox,1278,Dallas: TX
Graham Miss. Heather Fischer,female,26,tablet,Edge,156,San Antonio: TX
Hall Mr. Timothy Arias,male,34,mobile,Opera,349,San Antonio: TX
Larsen Miss. Doris Bond,female,49,mobile,Edge,1211,San Antonio: TX
Chandler Mr. Shawn Chen,male,19,mobile,Safari,911,San Antonio: TX
Clark Mr. Randy Ward,male,70,desktop,Firefox,694,Los Angeles: CA
Clay Mr. Randall Robinson,male,22,mobile,Safari,875,Phoenix: AZ
Hart Mr. Jason West,male,55,mobile,Firefox,973,San Jose: CA
West Mr. Carl Adkins,male,65,tablet,Edge,1094,San Diego: CA
Jones Miss. Kimberly Brown,female,65,desktop,Opera,571,Dallas: TX
Dunn Miss. Anne Contreras,female,63,tablet,Firefox,1608,Dallas: TX
Fernandez Mr. Ryan Phillips,male,53,tablet,Firefox,1950,New York: NY
Pope Mr. Michael Diaz,male,34,tablet,Safari,1936,Dallas: TX
Hawkins Miss. Connie Spencer,female,28,desktop,Firefox,795,San Diego: CA
Sanchez Miss. Crystal Taylor,female,20,tablet,Edge,600,San Antonio: TX
Chapman Mr. Hector Shelton,male,68,tablet,Safari,1892,San Diego: CA
Adams Miss. Danielle Mitchell,female,31,tablet,Edge,1467,Houston: TX
Garcia Mr. Timothy Sanchez,male,56,desktop,Firefox,1495,San Diego: CA
Hunter Miss. Jessica Rodriguez,female,68,mobile,Chrome,877,San Diego: CA
Savage Miss. Emily Aguilar,female,30,desktop,Firefox,1059,Los Angeles: CA
Schwartz Mr. Lance Wells,male,55,desktop,Chrome,723,Los Angeles: CA
Duran Miss. Sandra Caldwell,female,42,desktop,Edge,943,Los Angeles: CA
Buck Mr. Joseph Robinson,male,21,tablet,Opera,621,Houston: TX
Jones Miss. Amy Hanson,female,26,desktop,Chrome,199,Chicago: IL
Mathews Mr. Richard Lawrence,male,44,tablet,Opera,1366,Chicago: IL
Day Mr. Jeffrey Price,male,37,tablet,Chrome,1093,St Louis: MO
Davis Miss. Rachel Perry,female,22,tablet,Edge,808,New York: NY
Wolf Miss. Megan Anderson,female,69,mobile,Safari,1690,San Diego: CA
Bell Miss. Sharon Peterson,female,26,mobile,Firefox,1642,Chicago: IL
Welch Mr. Robert Reed,male,26,tablet,Edge,657,San Jose: CA
Hall Miss. Amber Frazier,female,23,mobile,Chrome,707,Philadelphia: PA
Murphy Mr. Jon Crawford,male,38,mobile,Firefox,462,Phoenix: AZ
Chambers Mr. Craig Martinez,male,63,tablet,Chrome,815,Dallas: TX
Caldwell Mr. David Crawford,male,50,tablet,Edge,1689,Houston: TX
May Mr. Matthew Stanton,male,62,tablet,Firefox,1138,Houston: TX
Jackson Mr. Jacob West,male,46,mobile,Safari,1110,Houston: TX
Barton Miss. Brianna Duncan,female,66,tablet,Safari,937,San Jose: CA
Tran Mr. Joshua Hall,male,41,desktop,Chrome,1957,St Louis: MO
Roberts Mr. Calvin Cruz,male,26,tablet,Safari,1293,Phoenix: AZ
Jackson Miss. Hannah Olson,female,58,desktop,Safari,120,Philadelphia: PA
Ruiz Miss. Elizabeth Davis,female,25,mobile,Safari,685,Dallas: TX
Ferrell Mr. Mitchell Anderson,male,45,desktop,Chrome,1208,Chicago: IL
Rangel Miss. Rebecca Chandler,female,48,desktop,Edge,471,Dallas: TX
Turner Mr. Patrick Garcia,male,25,mobile,Firefox,765,Chicago: IL
Roberts Miss. Jessica Maddox,female,34,tablet,Opera,757,Philadelphia: PA
Lowe Miss. Dawn Fisher,female,27,tablet,Chrome,578,Los Angeles: CA
Harrison Mr. Paul Bell,male,57,desktop,Firefox,475,New York: NY
Rivas Mr. Robert Kaiser,male,36,mobile,Firefox,199,St Louis: MO
Reyes Mr. Aaron Robinson,male,34,tablet,Edge,1529,Dallas: TX
Wilcox Mr. Austin Martin,male,59,tablet,Opera,1788,Philadelphia: PA
Wood Mr. Jerry Smith,male,57,desktop,Chrome,960,San Diego: CA
Estrada Mr. Austin Miller,male,47,mobile,Edge,672,San Antonio: TX
Moore Mr. Eric Thomas,male,21,mobile,Opera,1472,Los Angeles: CA
Valentine Miss. Tiffany Brennan,female,61,mobile,Chrome,1890,Dallas: TX
Guerra Mr. Mark Monroe,male,43,desktop,Chrome,1494,St Louis: MO
Roach Mr. Edward Alvarado,male,46,desktop,Chrome,271,St Louis: MO
Harris Miss. Erica Caldwell,female,28,tablet,Firefox,1089,San Diego: CA
Sanchez Mr. Charles West,male,47,desktop,Chrome,1087,Chicago: IL
Melton Miss. Christine Daniels,female,49,tablet,Safari,377,Chicago: IL
Roberts Mr. Shawn Sanchez,male,24,tablet,Safari,1507,New York: NY
Reynolds Mr. Tony Brown,male,43,tablet,Safari,577,San Antonio: TX
Henry Mr. Timothy Garcia,male,51,tablet,Edge,1321,San Antonio: TX
Brown Miss. Tammie Wall,female,70,tablet,Firefox,403,Philadelphia: PA
Larson Mr. Aaron Golden,male,20,desktop,Opera,898,San Antonio: TX
King Mr. William Anderson,male,20,mobile,Chrome,1028,Chicago: IL
Bauer Miss. Sarah Fowler,female,28,desktop,Chrome,1608,St Louis: MO
Adams Mr. Tristan Conway,male,59,mobile,Chrome,1571,Dallas: TX
Scott Miss. Traci Greene,female,53,desktop,Opera,908,San Antonio: TX
Thompson Miss. Tammy Avila,female,28,desktop,Edge,896,Philadelphia: PA
Brooks Mr. James White,male,20,desktop,Edge,958,San Diego: CA
Orr Mr. Jeff Golden,male,22,desktop,Edge,284,Houston: TX
Castro Miss. Brenda Patterson,female,55,mobile,Safari,1585,Los Angeles: CA
Ross Miss. Ashley Kaiser,female,66,tablet,Edge,1245,Los Angeles: CA
Butler Miss. Virginia Flowers,female,55,mobile,Opera,1159,Los Angeles: CA
Weeks Miss. Christine Kirk,female,70,desktop,Chrome,1376,Philadelphia: PA
Rocha Mr. Joseph Davis,male,20,tablet,Chrome,1637,Phoenix: AZ
Stewart Mr. Robert Lopez,male,59,tablet,Safari,1644,Phoenix: AZ
Lane Mr. Ray Daniel,male,62,desktop,Safari,109,Phoenix: AZ
Gonzalez Miss. Melanie Hicks,female,40,mobile,Firefox,869,Houston: TX
Morgan Miss. Kimberly Moreno,female,20,mobile,Opera,1768,San Diego: CA
Smith Miss. Stephanie Brown,female,46,mobile,Firefox,148,San Jose: CA
Sandoval Miss. Patricia Miller,female,22,tablet,Chrome,1872,San Antonio: TX
Hayes Miss. Mary Dougherty,female,66,tablet,Chrome,727,St Louis: MO
Cabrera Mr. Michael Herman,male,18,desktop,Firefox,1065,Philadelphia: PA
Thompson Miss. Kelsey Williams,female,25,desktop,Safari,138,Chicago: IL
Dillon Miss. Lisa Mercado,female,60,tablet,Edge,1438,St Louis: MO
Fox Miss. Andrea Lopez,female,65,mobile,Firefox,1309,San Jose: CA
Thomas Miss. Brenda Phillips,female,48,tablet,Edge,969,St Louis: MO
Wagner Miss. Wendy Gaines,female,68,mobile,Opera,1358,San Antonio: TX
Robinson Miss. Jessica Hughes,female,66,desktop,Chrome,922,Phoenix: AZ
Obrien Mr. Larry Richards,male,42,mobile,Safari,876,Houston: TX
Nelson Mr. Lance Hogan,male,55,desktop,Safari,620,San Jose: CA
Price Miss. Victoria Stewart,female,44,tablet,Edge,1321,Dallas: TX
Rodriguez Miss. Amy Kim,female,53,desktop,Edge,1297,Los Angeles: CA
Mccarty Mr. Corey Harrison,male,64,desktop,Opera,689,Phoenix: AZ
Glover Miss. Jacqueline Hayes,female,37,tablet,Chrome,1272,Los Angeles: CA
Lawson Miss. Katherine Martinez,female,57,tablet,Firefox,136,Phoenix: AZ
Miller Mr. James Bowman,male,61,tablet,Firefox,708,Philadelphia: PA
Walker Miss. Stephanie Adams,female,62,mobile,Chrome,1326,Houston: TX
Arellano Miss. Kayla Tucker,female,54,mobile,Chrome,1893,Phoenix: AZ
Smith Miss. Sherri Krause,female,23,desktop,Opera,1840,Los Angeles: CA
Campbell Miss. Tammy Gomez,female,29,desktop,Chrome,1608,San Diego: CA
Smith Miss. Lori Carter,female,57,mobile,Firefox,537,Dallas: TX
Mcclure Mr. Jacob Cummings,male,35,desktop,Edge,929,New York: NY
Shields Miss. Christine Torres,female,63,mobile,Safari,786,San Jose: CA
Daniel Miss. Debra Humphrey,female,53,tablet,Edge,396,Chicago: IL
Morgan Miss. Kimberly Wallace,female,43,tablet,Firefox,1865,St Louis: MO
Mitchell Miss. Patricia Smith,female,56,tablet,Opera,154,Los Angeles: CA
Charles Mr. Arthur Young,male,67,mobile,Safari,691,Dallas: TX
Bates Mr. Anthony Knight,male,29,tablet,Opera,827,San Antonio: TX
Martin Miss. Danielle Cabrera,female,51,mobile,Safari,1422,San Jose: CA
Roach Mr. Aaron Hughes,male,18,mobile,Opera,1904,San Antonio: TX
Burch Miss. Bonnie Chen,female,31,desktop,Firefox,894,Dallas: TX
Keller Mr. Dillon Carlson,male,35,mobile,Chrome,1705,Philadelphia: PA
Ruiz Miss. Maria Nguyen,female,26,tablet,Safari,893,San Antonio: TX
Robertson Mr. Jon Coleman,male,70,desktop,Edge,1878,San Antonio: TX
Clark Miss. Diane Jones,female,66,mobile,Opera,1875,Philadelphia: PA
Carter Mr. Edward Larson,male,39,mobile,Chrome,1096,Philadelphia: PA
Heath Miss. Samantha Peterson,female,46,mobile,Edge,669,San Diego: CA
Cook Mr. Jeremy Johnson,male,53,mobile,Edge,698,Chicago: IL
Diaz Miss. Courtney Daniel,female,51,desktop,Firefox,764,Dallas: TX
Moore Miss. Kelly Holmes,female,26,mobile,Edge,1763,St Louis: MO
Baker Mr. Nathan Murray,male,43,desktop,Chrome,864,San Diego: CA
Holmes Mr. Michael Phillips,male,26,tablet,Edge,1401,Houston: TX
Vasquez Miss. Victoria Butler,female,52,mobile,Safari,1722,Los Angeles: CA
Stewart Mr. Gary Long,male,44,mobile,Firefox,388,Los Angeles: CA
Ellis Miss. Kimberly Bates,female,46,tablet,Chrome,818,Philadelphia: PA
Reilly Miss. Martha Barnes,female,49,desktop,Edge,1453,San Jose: CA
Parker Mr. William Weiss,male,19,desktop,Edge,439,Philadelphia: PA
Walters Mr. Keith Hubbard,male,45,tablet,Firefox,1808,Phoenix: AZ
Hudson Miss. Elizabeth Moon,female,70,desktop,Safari,539,St Louis: MO
Jimenez Mr. John Brown,male,39,desktop,Opera,1914,Los Angeles: CA
Koch Mr. James Soto,male,29,desktop,Edge,791,Houston: TX
Jordan Mr. Gary Luna,male,58,desktop,Chrome,558,Philadelphia: PA
Clark Mr. Thomas Peters,male,63,mobile,Edge,1334,Philadelphia: PA
Mercado Miss. Heidi Bennett,female,38,desktop,Safari,1235,Chicago: IL
Hawkins Mr. Zachary Reed,male,47,desktop,Edge,881,Dallas: TX
Watson Mr. Justin Peck,male,57,tablet,Firefox,267,San Jose: CA
James Mr. Michael Chan,male,47,mobile,Safari,357,St Louis: MO
Tran Miss. Jamie Potts,female,68,tablet,Opera,670,San Jose: CA
Galloway Mr. Brandon Bradshaw,male,23,desktop,Safari,1995,Dallas: TX
Jordan Miss. Linda Johnson,female,42,mobile,Opera,499,Houston: TX
Khan Miss. Alison West,female,63,mobile,Edge,1639,San Antonio: TX
Johnson Mr. Jeffery Torres,male,25,tablet,Edge,1425,Philadelphia: PA
Kelly Mr. Robert Smith,male,59,mobile,Chrome,1382,Phoenix: AZ
Pope Mr. Shawn Contreras,male,53,desktop,Safari,1018,Philadelphia: PA
Coleman Miss. Heather Barnes,female,43,desktop,Opera,1570,San Diego: CA
Cook Miss. Kathleen Walsh,female,46,desktop,Opera,1784,St Louis: MO
Molina Mr. Scott Howard,male,35,tablet,Safari,1681,Phoenix: AZ
Frey Miss. Julie Smith,female,64,tablet,Safari,1783,San Antonio: TX
Page Mr. Steve Cooper,male,59,desktop,Safari,322,San Diego: CA
Miller Mr. Ryan Holland,male,46,mobile,Opera,854,San Diego: CA
Smith Mr. Caleb Paul,male,47,desktop,Chrome,1275,Phoenix: AZ
Griffith Miss. Rhonda Spears,female,59,tablet,Safari,185,San Diego: CA
Baker Miss. Marie Daniel,female,38,desktop,Chrome,1290,Phoenix: AZ
Cunningham Mr. Brian Weber,male,51,desktop,Safari,1472,Chicago: IL
Palmer Miss. Lisa Ball,female,36,desktop,Opera,1220,San Diego: CA
Murray Miss. Brandy Gonzalez,female,47,tablet,Edge,1000,New York: NY
Cohen Mr. Daniel Lopez,male,50,tablet,Chrome,1297,Los Angeles: CA
Cole Miss. Stephanie Mata,female,66,tablet,Chrome,1944,St Louis: MO
Nichols Miss. Ashlee Henderson,female,66,tablet,Edge,338,New York: NY
Butler Mr. Shane Cameron,male,57,tablet,Opera,887,Los Angeles: CA
Smith Mr. Jared Fowler,male,58,mobile,Firefox,660,San Diego: CA
Mcmahon Miss. Donna Fox,female,19,mobile,Opera,1065,St Louis: MO
Scott Miss. Melissa Travis,female,32,desktop,Opera,1333,San Antonio: TX
Kelly Miss. Alexandria Atkins,female,69,desktop,Firefox,1448,St Louis: MO
Herman Miss. Christina Lee,female,29,tablet,Chrome,927,Philadelphia: PA
Baird Mr. Daniel Richardson,male,45,tablet,Firefox,1395,San Jose: CA
Griffith Miss. Rachel Davis,female,62,mobile,Safari,146,New York: NY
Greene Miss. Angela Sullivan,female,31,tablet,Edge,1151,Los Angeles: CA
Mitchell Mr. Michael Thompson,male,35,desktop,Safari,844,Los Angeles: CA
Cox Miss. Tammy Garcia,female,32,desktop,Chrome,1224,St Louis: MO
Adams Mr. Chad Murphy,male,69,desktop,Firefox,154,Chicago: IL
Klein Miss. Christine Johnston,female,49,mobile,Chrome,247,Chicago: IL
Brown Mr. Gary Franklin,male,60,desktop,Firefox,1756,Phoenix: AZ
Quinn Miss. Cynthia Savage,female,37,mobile,Edge,928,Philadelphia: PA
Perry Mr. Christopher Kelley,male,46,mobile,Edge,184,Chicago: IL
Deleon Miss. Kathy Patterson,female,19,tablet,Firefox,1884,San Antonio: TX
Garrison Mr. Joseph Richardson,male,31,desktop,Opera,488,Houston: TX
Bryant Miss. Kristine Mata,female,62,desktop,Edge,159,Dallas: TX
Fuentes Mr. Jeremy Dawson,male,62,tablet,Chrome,1780,San Antonio: TX
Martin Miss. Sarah Sanchez,female,49,desktop,Edge,733,Phoenix: AZ
Johnson Mr. John Hawkins,male,64,desktop,Edge,886,New York: NY
Bennett Mr. Jacob Boyd,male,67,mobile,Chrome,1005,St Louis: MO
Williams Miss. Patricia Harris,female,32,desktop,Opera,1161,Philadelphia: PA
Oconnell Mr. Kevin Klein,male,34,tablet,Firefox,1295,Dallas: TX
Dixon Miss. Anna Ellis,female,21,tablet,Edge,1415,New York: NY
Clark Mr. Ryan Thomas,male,62,tablet,Firefox,734,St Louis: MO
Gallagher Mr. Willie Sharp,male,44,desktop,Opera,1583,New York: NY
Wheeler Mr. Michael Matthews,male,51,desktop,Edge,385,Philadelphia: PA
Garcia Mr. Chad Harris,male,29,desktop,Chrome,276,New York: NY
Gould Mr. James Hernandez,male,46,desktop,Opera,1909,Philadelphia: PA
Taylor Miss. Mary Walters,female,23,mobile,Edge,310,New York: NY
Williams Miss. Whitney Young,female,27,mobile,Opera,1513,Los Angeles: CA
Rich Mr. Marcus Welch,male,46,mobile,Opera,194,San Diego: CA
Brown Miss. Melinda Bishop,female,29,mobile,Opera,921,Los Angeles: CA
Giles Mr. Dustin Holt,male,64,mobile,Safari,619,Dallas: TX
Warner Mr. Matthew Patterson,male,42,mobile,Safari,1691,San Diego: CA
Perry Miss. Patricia Meyers,female,40,desktop,Chrome,189,Chicago: IL
Foster Mr. Paul Schmidt,male,53,mobile,Chrome,2000,San Diego: CA
Gates Miss. Hannah Miller,female,52,desktop,Chrome,782,St Louis: MO
Brown Mr. Sean Salazar,male,53,desktop,Firefox,1112,San Diego: CA
Thomas Miss. Amanda Robertson,female,20,desktop,Safari,574,Los Angeles: CA
Patel Miss. Sara Young,female,68,desktop,Opera,786,St Louis: MO
Mcintyre Mr. Trevor Young,male,52,desktop,Edge,518,Phoenix: AZ
Estrada Mr. Christopher Rodriguez,male,40,tablet,Edge,278,Phoenix: AZ
Atkins Miss. Amber Stevens,female,24,desktop,Opera,414,San Jose: CA
Ortega Mr. Adam Williams,male,52,desktop,Edge,1567,Phoenix: AZ
Mccoy Miss. Christina Briggs,female,41,mobile,Safari,379,Houston: TX
Baldwin Miss. Janet Pacheco,female,64,mobile,Opera,268,Chicago: IL
Freeman Mr. Randy Brown,male,39,mobile,Safari,1126,San Antonio: TX
Oconnell Miss. Tanya Ward,female,43,tablet,Opera,1637,San Diego: CA
Johnson Miss. Sherry Barrera,female,55,tablet,Safari,1499,Chicago: IL
Taylor Miss. Jo Kelley,female,30,tablet,Firefox,631,St Louis: MO
Contreras Mr. Julian Proctor,male,35,desktop,Edge,1277,San Jose: CA
Lamb Miss. Judy Hooper,female,66,mobile,Firefox,1304,Phoenix: AZ
Stevens Miss. Crystal Walsh,female,46,mobile,Opera,1304,Philadelphia: PA
Suarez Miss. Lori Gordon,female,34,mobile,Edge,520,Houston: TX
Ramirez Mr. Aaron Lamb,male,61,mobile,Opera,714,Phoenix: AZ
Green Mr. Eugene Casey,male,36,mobile,Safari,1533,San Jose: CA
Greer Miss. Jacqueline Preston,female,42,desktop,Edge,688,Philadelphia: PA
Torres Miss. Teresa Potts,female,61,tablet,Edge,627,Phoenix: AZ
Estes Miss. Michele Brady,female,43,tablet,Firefox,989,Phoenix: AZ
Smith Miss. Denise Sheppard,female,47,mobile,Edge,251,Houston: TX
Brown Mr. Jordan Barnett,male,53,mobile,Opera,1156,San Jose: CA
Bowen Miss. Nicole Chang,female,51,mobile,Firefox,1224,Philadelphia: PA
Lopez Mr. Jeffrey Martin,male,57,mobile,Safari,234,Dallas: TX
Martin Mr. Christian Cline,male,21,mobile,Safari,1092,St Louis: MO
Brown Miss. Stephanie Allen,female,50,desktop,Safari,666,Houston: TX
Murphy Miss. Jessica Warner,female,65,tablet,Edge,369,Houston: TX
Smith Miss. Shannon Kirby,female,69,mobile,Firefox,769,Phoenix: AZ
Cain Mr. Timothy Massey,male,68,tablet,Chrome,988,Houston: TX
Curtis Mr. Jeffrey Garcia,male,69,mobile,Opera,1008,Houston: TX
Peterson Mr. Albert Stark,male,58,desktop,Firefox,1010,San Diego: CA
Hall Mr. Michael Martinez,male,23,mobile,Opera,659,Houston: TX
Anthony Mr. Paul Massey,male,25,tablet,Safari,1319,San Antonio: TX
Morgan Miss. Tracy James,female,42,tablet,Safari,1520,Houston: TX
Evans Mr. Darius Smith,male,56,tablet,Safari,406,Chicago: IL
Dean Miss. Kim Pacheco,female,68,mobile,Firefox,1922,Dallas: TX
Cherry Mr. Chris Dennis,male,58,desktop,Edge,1469,San Diego: CA
Johnson Mr. Johnathan Morris,male,59,mobile,Firefox,1790,Phoenix: AZ
Glover Mr. Christian West,male,42,mobile,Safari,1643,St Louis: MO
Chapman Miss. Rachel Ross,female,58,tablet,Firefox,1205,Phoenix: AZ
White Miss. Sherry Alvarez,female,57,desktop,Edge,1977,Chicago: IL
Palmer Miss. Brenda Morgan,female,34,tablet,Chrome,1765,St Louis: MO
Munoz Miss. Monica Robinson,female,40,tablet,Chrome,693,Philadelphia: PA
Gilmore Mr. Kenneth Silva,male,61,tablet,Chrome,1107,New York: NY
Watson Miss. Kayla Dixon,female,23,mobile,Edge,101,Chicago: IL
Walls Miss. Jessica Moore,female,19,mobile,Chrome,365,Dallas: TX
Maldonado Mr. Mario Holt,male,33,tablet,Edge,1321,Philadelphia: PA
King Mr. Jason Thompson,male,41,desktop,Chrome,1520,San Diego: CA
Wood Miss. Brianna Weber,female,36,desktop,Safari,840,Chicago: IL
Young Miss. Donna Robles,female,45,tablet,Firefox,1963,St Louis: MO
Smith Mr. Kenneth Cook,male,29,desktop,Firefox,518,Philadelphia: PA
Page Miss. Donna Mitchell,female,18,desktop,Safari,1768,San Diego: CA
Woods Miss. Kaitlin Arnold,female,24,mobile,Safari,1618,San Jose: CA
Ross Miss. Sheila Evans,female,34,tablet,Safari,1308,Dallas: TX
Hunter Miss. Laura Schultz,female,62,tablet,Firefox,978,Los Angeles: CA
Kelly Miss. Penny Morales,female,60,tablet,Edge,1260,Los Angeles: CA
Smith Mr. Steven Booth,male,65,desktop,Opera,882,Phoenix: AZ
Ball Miss. Pamela Roberts,female,20,mobile,Firefox,331,Dallas: TX
Jones Mr. Jordan Phillips,male,69,tablet,Chrome,479,Philadelphia: PA
Rasmussen Mr. Scott Arnold,male,24,desktop,Safari,1228,San Antonio: TX
Cox Miss. Donna Nguyen,female,63,tablet,Chrome,787,Houston: TX
Hampton Miss. Angela Hatfield,female,51,tablet,Opera,306,Houston: TX
Williams Mr. Michael Bailey,male,53,mobile,Edge,873,San Diego: CA
Cook Miss. Chelsea Watson,female,37,tablet,Edge,645,San Jose: CA
Wright Mr. James Horn,male,54,tablet,Chrome,1603,San Antonio: TX
Nichols Miss. Sandra Molina,female,40,desktop,Chrome,192,Dallas: TX
Blevins Mr. Bradley Young,male,21,desktop,Safari,161,Los Angeles: CA
Montgomery Mr. Tanner Barrera,male,35,desktop,Opera,1901,New York: NY
Barr Miss. Briana Kemp,female,54,mobile,Edge,1739,Phoenix: AZ
George Mr. Matthew Pittman,male,44,tablet,Opera,1401,Phoenix: AZ
Cunningham Miss. Tamara Savage,female,29,tablet,Opera,269,Philadelphia: PA
Brown Mr. John Parker,male,43,mobile,Firefox,102,Chicago: IL
Horton Miss. Jennifer Thomas,female,54,tablet,Edge,222,St Louis: MO
Durham Miss. Sabrina Henderson,female,32,desktop,Opera,437,San Jose: CA
Simmons Mr. Nathan Wallace,male,63,tablet,Chrome,858,Los Angeles: CA
Alvarado Mr. Jeremy Wood,male,59,tablet,Opera,1168,New York: NY
Blackburn Mr. Christopher Chen,male,19,mobile,Safari,1145,St Louis: MO
Gordon Miss. Kimberly Williams,female,46,tablet,Chrome,1150,San Antonio: TX
Valdez Mr. Paul Mejia,male,37,mobile,Chrome,1805,New York: NY
Meyers Mr. James Glover,male,46,mobile,Safari,1871,Houston: TX
Brown Mr. Michael Spears,male,54,tablet,Edge,1276,Houston: TX
Macdonald Miss. Tracy Hoffman,female,48,desktop,Firefox,950,New York: NY
Morris Mr. Omar Hart,male,27,tablet,Firefox,570,Phoenix: AZ
Diaz Mr. Jacob Perry,male,58,desktop,Firefox,873,Houston: TX
Camacho Miss. Kristine Johns,female,39,mobile,Opera,635,St Louis: MO
Johnson Miss. Jessica Sanchez,female,47,desktop,Safari,1602,San Diego: CA
Jones Miss. Ashley Bates,female,35,tablet,Chrome,776,San Diego: CA
Terrell Miss. Michelle Stevens,female,52,tablet,Opera,1276,Los Angeles: CA
Glover Miss. April Banks,female,68,tablet,Edge,1324,St Louis: MO
Lopez Miss. Rachel Howard,female,28,mobile,Safari,1897,Chicago: IL
Freeman Miss. Catherine Neal,female,41,tablet,Firefox,211,San Antonio: TX
Evans Miss. Michelle Garcia,female,40,desktop,Edge,1836,San Diego: CA
Norton Mr. Robert West,male,34,tablet,Edge,409,St Louis: MO
Andrews Mr. Patrick Hall,male,22,tablet,Edge,369,Dallas: TX
Carlson Mr. Chase Robinson,male,48,mobile,Firefox,189,St Louis: MO
Price Mr. Kyle Molina,male,29,desktop,Firefox,1224,Philadelphia: PA
Anderson Mr. Jorge Williams,male,19,desktop,Opera,1785,Philadelphia: PA
Collins Miss. Ashley Espinoza,female,22,tablet,Chrome,823,Phoenix: AZ
Noble Mr. Gary Morales,male,18,desktop,Chrome,1302,Philadelphia: PA
Clark Miss. Teresa King,female,36,mobile,Firefox,850,Los Angeles: CA
Blake Miss. Kelsey Valencia,female,26,mobile,Edge,452,Dallas: TX
Mcbride Miss. Whitney Lowery,female,19,tablet,Edge,103,San Jose: CA
Kelley Miss. Cynthia Powers,female,40,tablet,Safari,1130,San Antonio: TX
Hanson Miss. Jennifer Wise,female,64,tablet,Chrome,1535,St Louis: MO
Patton Miss. Morgan Thornton,female,36,desktop,Safari,1578,Phoenix: AZ
Perez Miss. Kimberly Howard,female,50,desktop,Opera,598,Los Angeles: CA
Stewart Miss. Jessica Ramirez,female,26,mobile,Safari,1291,Philadelphia: PA
Johnson Mr. James Wang,male,35,desktop,Firefox,849,Chicago: IL
Church Miss. Julia Lewis,female,54,mobile,Safari,825,San Antonio: TX
Raymond Mr. James Cortez,male,40,tablet,Safari,1444,San Jose: CA
Nichols Mr. Michael Perez,male,20,desktop,Safari,287,Los Angeles: CA
Joseph Mr. James Jordan,male,67,desktop,Firefox,1850,New York: NY
Miller Mr. David King,male,44,mobile,Chrome,541,New York: NY
Farley Mr. John Williams,male,44,mobile,Edge,1415,Philadelphia: PA
Graham Mr. John Huber,male,68,tablet,Opera,841,Chicago: IL
Ball Mr. Angel Jensen,male,69,tablet,Safari,1862,Dallas: TX
Sanchez Miss. Shannon Landry,female,57,tablet,Safari,421,Philadelphia: PA
Garcia Miss. Brenda Gray,female,63,tablet,Edge,155,Los Angeles: CA
Evans Mr. Justin Davis,male,49,desktop,Edge,1044,Philadelphia: PA
Schwartz Mr. Christopher Jacobs,male,26,tablet,Edge,187,Houston: TX
Clark Miss. Kimberly Bell,female,22,desktop,Safari,1303,Los Angeles: CA
Mcdonald Mr. Christopher Macdonald,male,19,mobile,Edge,1331,San Jose: CA
Williams Miss. Tracy Spence,female,63,desktop,Safari,104,San Jose: CA
Johnson Mr. Richard Lucas,male,45,mobile,Safari,786,Phoenix: AZ
Mejia Miss. Melissa Silva,female,54,mobile,Chrome,1489,Philadelphia: PA
Ramos Miss. Monica Anderson,female,34,desktop,Opera,1903,St Louis: MO
Davis Mr. Christopher Colon,male,34,desktop,Opera,622,San Jose: CA
Solis Mr. William Nixon,male,35,tablet,Safari,1585,San Diego: CA
Smith Mr. Anthony Li,male,42,tablet,Firefox,1494,St Louis: MO
Shepherd Mr. Christopher Anderson,male,24,mobile,Edge,1565,Los Angeles: CA
Bird Mr. Jose Jenkins,male,68,tablet,Chrome,586,San Diego: CA
Thomas Mr. Cristian Valdez,male,49,tablet,Edge,1419,New York: NY
Caldwell Mr. Jeremy Mejia,male,33,desktop,Edge,449,Chicago: IL
Wells Miss. Michelle Griffith,female,66,tablet,Chrome,1755,San Antonio: TX
Pollard Mr. Phillip Campbell,male,61,tablet,Opera,1332,Dallas: TX
Weaver Mr. Jacob Rice,male,25,mobile,Chrome,1691,Chicago: IL
Mitchell Mr. Michael Wyatt,male,41,tablet,Safari,1397,San Diego: CA
Morton Mr. Christopher Powell,male,32,desktop,Safari,1169,San Antonio: TX
Burke Miss. Kimberly Kidd,female,65,tablet,Chrome,654,Philadelphia: PA
Foley Mr. Michael Johns,male,23,desktop,Edge,700,New York: NY
Harris Mr. Thomas Anderson,male,68,desktop,Firefox,1989,San Antonio: TX
Cannon Miss. Susan Wood,female,62,tablet,Firefox,982,Phoenix: AZ
Gonzalez Mr. John May,male,29,mobile,Chrome,1164,Dallas: TX
Ellis Mr. Jorge Martinez,male,50,mobile,Opera,930,Philadelphia: PA
Martin Mr. Corey Valenzuela,male,38,desktop,Opera,459,Dallas: TX
Parrish Mr. Frank Kline,male,26,desktop,Edge,909,San Antonio: TX
Brooks Miss. Crystal Garrison,female,18,desktop,Firefox,1597,San Jose: CA
Scott Miss. Teresa Potter,female,36,tablet,Opera,493,St Louis: MO
Irwin Miss. Emily Francis,female,35,mobile,Chrome,1686,New York: NY
Baker Miss. Donna Taylor,female,57,tablet,Firefox,173,San Antonio: TX
Maldonado Miss. Dawn Benjamin,female,22,desktop,Safari,1590,San Diego: CA
Wiggins Miss. Cindy Hartman,female,48,tablet,Safari,106,St Louis: MO
Henderson Miss. Joy Scott,female,66,desktop,Opera,1175,New York: NY
Phillips Mr. Mark Cochran,male,22,tablet,Edge,1763,San Diego: CA
Perkins Miss. Jackie Martinez,female,53,desktop,Opera,1636,San Antonio: TX
Davis Mr. Robert Hoffman,male,35,desktop,Safari,252,Philadelphia: PA
Patton Mr. Mark Knox,male,22,desktop,Safari,1644,Los Angeles: CA
Mercer Miss. Sarah Hampton,female,45,mobile,Opera,892,San Diego: CA
Bauer Miss. Kimberly Fisher,female,24,mobile,Firefox,253,Houston: TX
Griffin Miss. Natalie Chen,female,46,tablet,Safari,1117,Philadelphia: PA
King Mr. Lawrence Payne,male,19,mobile,Chrome,567,St Louis: MO
Snow Mr. Jason Wood,male,35,mobile,Safari,1826,New York: NY
Holmes Miss. Sharon Rodriguez,female,21,desktop,Safari,184,San Antonio: TX
Ali Miss. Kelly Mckee,female,68,tablet,Safari,1091,San Diego: CA
Baker Miss. Rachel Thompson,female,19,mobile,Chrome,1978,Dallas: TX
Fisher Mr. Kevin Williams,male,43,tablet,Opera,934,Chicago: IL
Palmer Miss. Morgan Dennis,female,51,tablet,Firefox,1090,New York: NY
Blackburn Mr. Seth Roberts,male,50,tablet,Chrome,1517,Chicago: IL
Faulkner Miss. Jasmine Russo,female,36,mobile,Opera,1199,San Jose: CA
Wilson Mr. Matthew Avila,male,22,mobile,Safari,1132,Philadelphia: PA
Tapia Mr. Robert Austin,male,50,tablet,Opera,1716,Philadelphia: PA
Logan Miss. Elizabeth Barr,female,42,desktop,Firefox,444,San Jose: CA
Johnson Mr. Jeffrey Solis,male,42,tablet,Opera,660,Dallas: TX
Kennedy Mr. Todd Morris,male,37,tablet,Safari,1945,Philadelphia: PA
Thornton Miss. Dawn Phillips,female,39,tablet,Safari,1906,San Jose: CA
Ford Mr. Matthew Barker,male,28,mobile,Firefox,1610,St Louis: MO
Parsons Miss. Mary Archer,female,41,desktop,Edge,1278,St Louis: MO
Grant Miss. Christina Turner,female,23,desktop,Opera,213,Philadelphia: PA
Gilbert Miss. Ashley Ball,female,23,tablet,Opera,594,Chicago: IL
Ball Mr. Jon Anderson,male,65,mobile,Opera,947,Houston: TX
Mclean Mr. David Silva,male,30,mobile,Edge,841,Philadelphia: PA
Hester Mr. Benjamin Taylor,male,54,desktop,Opera,1146,Chicago: IL
Elliott Miss. Kelly Lynch,female,24,mobile,Safari,954,Phoenix: AZ
Jones Miss. Natasha Moreno,female,39,mobile,Opera,345,San Antonio: TX
Luna Mr. Michael Duncan,male,33,tablet,Safari,1873,Houston: TX
Beltran Miss. Claudia Foster,female,48,tablet,Opera,477,St Louis: MO
Reed Miss. Virginia Weaver,female,40,tablet,Edge,1867,Phoenix: AZ
Harper Miss. Amber Wallace,female,62,desktop,Opera,666,Los Angeles: CA
Cole Miss. Kristin Chase,female,43,tablet,Opera,232,San Antonio: TX
Garrett Miss. Diane Sanford,female,25,mobile,Edge,150,Phoenix: AZ
Ruiz Miss. Margaret Castro,female,29,desktop,Chrome,1680,St Louis: MO
Foster Miss. Sheri Peters,female,55,mobile,Firefox,848,New York: NY
Young Miss. Sydney Rose,female,50,desktop,Chrome,1935,Los Angeles: CA
Martinez Miss. Christina Collins,female,27,tablet,Safari,241,Phoenix: AZ
Reeves Mr. Derek Perez,male,40,tablet,Edge,1878,Los Angeles: CA
Stevens Mr. Gerald Torres,male,44,mobile,Firefox,981,Houston: TX
Taylor Miss. Breanna House,female,18,tablet,Edge,1620,Dallas: TX
Sanchez Miss. Rhonda Gross,female,43,desktop,Firefox,2000,Dallas: TX
Barker Miss. Wanda Martinez,female,69,mobile,Safari,1633,San Diego: CA
Weaver Mr. Michael Harvey,male,48,tablet,Safari,883,Houston: TX
Garrett Mr. Kenneth Williams,male,40,mobile,Edge,120,New York: NY
Walker Mr. Cody Walker,male,64,tablet,Chrome,1693,Chicago: IL
Perez Mr. Matthew Sloan,male,33,tablet,Chrome,137,Phoenix: AZ
Gibson Mr. Douglas Mitchell,male,34,tablet,Safari,1373,Philadelphia: PA
Williams Mr. Craig Wallace,male,27,desktop,Opera,381,San Jose: CA
Thompson Mr. Christian Castaneda,male,30,tablet,Safari,169,St Louis: MO
Walker Miss. Toni Smith,female,39,mobile,Opera,1763,Los Angeles: CA
Moody Mr. Joseph Hart,male,67,mobile,Edge,438,Phoenix: AZ
Cooper Mr. Joshua Blake,male,51,tablet,Edge,1330,Phoenix: AZ
Taylor Miss. Jennifer Simpson,female,69,tablet,Opera,1218,Chicago: IL
Diaz Miss. Veronica Salazar,female,19,desktop,Chrome,426,Phoenix: AZ
Chambers Miss. Sarah Kramer,female,31,tablet,Safari,809,Chicago: IL
Coleman Mr. George Garcia,male,47,desktop,Firefox,467,San Diego: CA
Nguyen Mr. Thomas Stein,male,55,mobile,Firefox,1003,Chicago: IL
Levy Mr. Eric Calderon,male,67,tablet,Chrome,1430,Dallas: TX
Smith Mr. Daniel Jones,male,62,tablet,Firefox,190,St Louis: MO
Rivera Mr. Cesar Moore,male,67,desktop,Chrome,1475,San Diego: CA
Dalton Mr. John Zimmerman,male,67,mobile,Firefox,277,San Diego: CA
Perez Mr. Steven Stone,male,43,mobile,Opera,782,San Jose: CA
Wilson Miss. Emily Delacruz,female,37,desktop,Edge,1541,Philadelphia: PA
Phillips Mr. Casey Wells,male,29,tablet,Firefox,1001,Phoenix: AZ
Watson Mr. Shawn Rodgers,male,22,tablet,Chrome,1967,New York: NY
Stark Miss. Mallory Coleman,female,43,mobile,Chrome,409,New York: NY
Curry Miss. Tracy Lynch,female,46,mobile,Safari,849,San Jose: CA
Davis Mr. Mark Dudley,male,25,mobile,Opera,1447,Houston: TX
Garcia Mr. Christopher Williams,male,53,tablet,Opera,1517,Phoenix: AZ
Hernandez Mr. Andrew Johnson,male,67,tablet,Safari,424,Houston: TX
Adams Mr. Elijah Moore,male,44,tablet,Chrome,1318,St Louis: MO
Gates Miss. Karen Gutierrez,female,45,tablet,Opera,1856,Phoenix: AZ
Cook Miss. Ariel Campbell,female,22,mobile,Edge,553,Chicago: IL
Myers Miss. Katie Hall,female,47,mobile,Safari,1035,Phoenix: AZ
Jacobs Miss. Crystal Johnson,female,47,tablet,Edge,1618,New York: NY
Haney Miss. Jodi Copeland,female,31,tablet,Chrome,1963,Chicago: IL
Parks Miss. Molly Davis,female,45,mobile,Safari,654,Los Angeles: CA
Carter Mr. Aaron Bradley,male,44,desktop,Safari,1912,Dallas: TX
Walker Mr. Blake Holt,male,45,tablet,Safari,618,San Diego: CA
Burns Mr. Jason Martinez,male,21,mobile,Chrome,618,San Jose: CA
Lynch Miss. Mary Robinson,female,64,tablet,Firefox,1032,St Louis: MO
Michael Mr. John Wu,male,48,mobile,Opera,499,St Louis: MO
Garrett Miss. Andrea Boyd,female,69,desktop,Edge,1211,Houston: TX
Bird Mr. Victor Howard,male,35,tablet,Chrome,881,St Louis: MO
Perkins Miss. Carol Charles,female,57,desktop,Edge,1773,Philadelphia: PA
Colon Miss. Colleen Butler,female,22,mobile,Opera,1612,New York: NY
Newman Miss. Karen Chan,female,65,tablet,Chrome,227,Houston: TX
Brewer Mr. Kevin Hayden,male,70,desktop,Safari,1158,Chicago: IL
Contreras Mr. Matthew Martinez,male,44,tablet,Opera,1574,Phoenix: AZ
Wright Mr. Eric Mcguire,male,28,desktop,Edge,1447,St Louis: MO
Harvey Mr. Edward Reyes,male,29,desktop,Opera,491,Los Angeles: CA
Padilla Mr. Larry Wright,male,48,desktop,Safari,1848,Los Angeles: CA
Lewis Mr. John Smith,male,22,tablet,Firefox,1653,Dallas: TX
Webb Miss. Shelly Bell,female,43,desktop,Opera,615,San Antonio: TX
York Mr. Joseph Spence,male,40,desktop,Edge,1996,New York: NY
Bryant Mr. Alan Greer,male,69,tablet,Safari,1302,Phoenix: AZ
Noble Mr. Joshua Horn,male,36,tablet,Chrome,1360,Chicago: IL
Miller Mr. Todd Carrillo,male,48,tablet,Firefox,247,San Jose: CA
Wright Mr. Thomas Hammond,male,35,desktop,Safari,1749,Chicago: IL
Swanson Mr. Samuel Delgado,male,43,desktop,Opera,183,Philadelphia: PA
Lopez Miss. Morgan Richards,female,25,mobile,Edge,638,Chicago: IL
Castillo Miss. Shannon Greene,female,50,tablet,Edge,568,Los Angeles: CA
Jackson Miss. Tracy Moore,female,66,desktop,Opera,883,St Louis: MO
Moore Miss. Margaret Vance,female,54,tablet,Edge,692,Philadelphia: PA
Barnes Mr. Bruce Hardy,male,54,desktop,Firefox,1506,Chicago: IL
Gutierrez Miss. Danielle Ellis,female,56,mobile,Safari,350,San Antonio: TX
Bailey Mr. Michael Proctor,male,70,tablet,Safari,1815,Chicago: IL
Smith Mr. Kristopher Knox,male,58,tablet,Safari,510,Phoenix: AZ
Johnson Mr. Joshua Hill,male,33,desktop,Opera,449,New York: NY
Edwards Mr. Louis Ellis,male,36,desktop,Firefox,1626,St Louis: MO
Wilson Miss. Alexandra Novak,female,58,desktop,Safari,1563,Los Angeles: CA
Rich Mr. Jorge Kelly,male,36,desktop,Safari,1427,Phoenix: AZ
Thompson Miss. Rebekah Davis,female,18,desktop,Opera,790,Houston: TX
Carr Miss. Emily Baker,female,69,tablet,Safari,585,Houston: TX
Peck Mr. Darrell Miller,male,21,tablet,Safari,1020,San Antonio: TX
Drake Miss. Stacey Mills,female,43,mobile,Edge,888,Chicago: IL
Thomas Mr. Gregory Vang,male,51,mobile,Edge,1921,New York: NY
Jones Miss. Nancy Martin,female,61,tablet,Edge,636,Dallas: TX
Clark Mr. Scott Spencer,male,36,desktop,Edge,287,New York: NY
Larson Mr. Christopher Davis,male,22,desktop,Chrome,1326,St Louis: MO
Weaver Miss. Colleen Harding,female,67,tablet,Edge,599,San Antonio: TX
Pace Mr. Jeffery Guerrero,male,32,mobile,Firefox,285,San Jose: CA
Luna Miss. Heather Smith,female,58,desktop,Firefox,1375,Dallas: TX
Lewis Mr. Brian Armstrong,male,44,desktop,Chrome,1559,Dallas: TX
Rhodes Miss. Ann Ross,female,25,tablet,Edge,1391,Chicago: IL
Walker Miss. Catherine Patrick,female,30,mobile,Chrome,1634,Dallas: TX
Luna Mr. Jeffrey Waters,male,23,mobile,Opera,126,St Louis: MO
Jackson Mr. Billy Salinas,male,25,mobile,Chrome,312,San Antonio: TX
Lewis Mr. Eric Tucker,male,55,tablet,Safari,1999,San Diego: CA
Hernandez Miss. April Turner,female,20,mobile,Edge,1430,San Jose: CA
Trevino Miss. Tammy Lopez,female,38,tablet,Opera,1555,Philadelphia: PA
Davis Miss. Jessica Ward,female,47,tablet,Firefox,311,Los Angeles: CA
Yang Miss. Jessica Whitehead,female,57,tablet,Safari,1247,San Antonio: TX
Brown Mr. Logan James,male,35,desktop,Chrome,445,Houston: TX
Watson Miss. Faith Owens,female,39,mobile,Opera,892,Chicago: IL
Johnson Mr. John Baker,male,54,desktop,Firefox,1735,Los Angeles: CA
Morales Mr. Nathan Johnson,male,26,mobile,Opera,758,Los Angeles: CA
Casey Miss. Tina Harris,female,47,desktop,Safari,824,Dallas: TX
Page Mr. Jonathan Bray,male,54,mobile,Firefox,1412,San Jose: CA
Smith Mr. Jeffery Williams,male,36,mobile,Edge,346,Philadelphia: PA
Oliver Mr. Terry Hall,male,56,tablet,Firefox,879,San Antonio: TX
Lambert Mr. Andrew Carter,male,48,mobile,Edge,1541,Chicago: IL
Brown Miss. Erin Martinez,female,65,mobile,Edge,1544,San Jose: CA
Spencer Miss. Kristi Wheeler,female,61,tablet,Edge,1253,San Diego: CA
Saunders Miss. Jasmine Yang,female,20,desktop,Opera,457,Phoenix: AZ
Smith Miss. Judith Harrington,female,60,mobile,Chrome,776,New York: NY
Gallagher Miss. Jennifer Bradley,female,23,desktop,Firefox,893,San Antonio: TX
Clark Mr. Jason Oconnor,male,62,mobile,Safari,905,St Louis: MO
Collins Mr. Walter Hickman,male,31,mobile,Opera,1726,Philadelphia: PA
Olsen Mr. Bradley Williams,male,57,desktop,Firefox,1883,San Antonio: TX
Martin Miss. Julie King,female,60,mobile,Chrome,855,Dallas: TX
Lawson Mr. Steven Barber,male,63,desktop,Firefox,934,St Louis: MO
Lester Mr. James Brown,male,66,tablet,Edge,600,Philadelphia: PA
Forbes Mr. Jesus Dunn,male,31,desktop,Opera,542,Phoenix: AZ
Walton Miss. Theresa Anderson,female,65,tablet,Chrome,1223,San Jose: CA
Sanchez Miss. Elizabeth Patel,female,34,tablet,Chrome,1757,New York: NY
Wagner Mr. Jeremy Little,male,36,tablet,Chrome,1895,Dallas: TX
Rogers Miss. Nicole Garcia,female,59,tablet,Edge,584,San Jose: CA
Perez Mr. David Jones,male,68,mobile,Opera,1273,Philadelphia: PA
Sanford Mr. Aaron Moss,male,18,mobile,Firefox,876,Chicago: IL
Bates Miss. Jennifer Sanchez,female,46,tablet,Opera,1548,San Antonio: TX
Navarro Mr. James Snyder,male,25,tablet,Edge,1110,New York: NY
Shepherd Miss. Allison King,female,60,tablet,Firefox,1419,Dallas: TX
Carter Mr. Robert Wall,male,27,desktop,Safari,1537,Dallas: TX
Allen Miss. Debra Palmer,female,25,desktop,Edge,1863,Chicago: IL
Rojas Mr. Jason Powers,male,54,mobile,Opera,1099,Philadelphia: PA
Alexander Mr. Charles Thompson,male,66,desktop,Edge,766,San Diego: CA
Spencer Mr. Chase Lowe,male,41,mobile,Safari,828,Dallas: TX
May Miss. Amy Wheeler,female,52,mobile,Edge,1229,Los Angeles: CA
Compton Mr. Pedro Morgan,male,26,mobile,Firefox,590,Dallas: TX
Mahoney Miss. Jessica Atkins,female,63,mobile,Edge,1420,San Jose: CA
Romero Miss. Jessica Salinas,female,42,mobile,Firefox,385,Los Angeles: CA
Dominguez Mr. Jacob Fox,male,38,tablet,Edge,1615,St Louis: MO
Jones Mr. Robert Mitchell,male,42,mobile,Safari,1331,Houston: TX
Ray Miss. Michele Briggs,female,54,desktop,Firefox,1130,Chicago: IL
Freeman Miss. Katie Wilson,female,45,mobile,Opera,1568,San Antonio: TX
Murphy Miss. Chelsea Underwood,female,46,tablet,Opera,857,St Louis: MO
Mcdonald Mr. Jeffery Hernandez,male,32,mobile,Firefox,514,Chicago: IL
Cunningham Miss. Maria Vaughn,female,30,mobile,Safari,1972,St Louis: MO
Kelly Mr. Joe Pena,male,31,tablet,Firefox,1154,Los Angeles: CA
Stevens Miss. Aimee Thompson,female,39,tablet,Firefox,1573,Chicago: IL
Mitchell Miss. Amanda Garcia,female,67,desktop,Edge,1784,Los Angeles: CA
Ward Mr. Cameron Hayes,male,69,mobile,Safari,244,Chicago: IL
Boone Miss. Amber Lee,female,47,mobile,Chrome,1677,San Antonio: TX
Vargas Miss. Cheyenne Harrison,female,62,desktop,Chrome,1628,San Antonio: TX
Baxter Miss. Amy Brown,female,23,tablet,Edge,1549,Philadelphia: PA
Johnson Miss. Marie Reilly,female,36,mobile,Firefox,644,Philadelphia: PA
Farmer Miss. Sarah Ali,female,19,desktop,Firefox,809,San Jose: CA
Macias Miss. Wendy Massey,female,34,desktop,Edge,934,San Jose: CA
Reed Mr. Gary Robles,male,31,mobile,Safari,1895,Chicago: IL
Koch Mr. Joshua Kelly,male,23,tablet,Firefox,1213,St Louis: MO
Saunders Miss. Carol Williams,female,64,tablet,Safari,699,Phoenix: AZ
Green Miss. Margaret Jones,female,30,tablet,Chrome,555,Houston: TX
Bell Mr. Matthew Rogers,male,59,tablet,Firefox,817,San Antonio: TX
Noble Mr. Trevor Hall,male,24,mobile,Chrome,1266,San Diego: CA
Martinez Miss. Elizabeth Webster,female,38,tablet,Opera,1379,New York: NY
Booker Mr. Gregory Boyd,male,44,mobile,Edge,250,San Diego: CA
Burns Mr. Robert Chen,male,38,desktop,Chrome,1720,San Jose: CA
Bailey Mr. Austin Walker,male,51,desktop,Opera,290,New York: NY
Webster Miss. Erica Davis,female,29,mobile,Safari,1074,San Antonio: TX
Rodriguez Mr. Charles Adkins,male,54,desktop,Opera,504,San Antonio: TX
Snow Miss. Tiffany Johnson,female,69,tablet,Opera,689,Los Angeles: CA
Franklin Mr. Patrick Moore,male,47,mobile,Firefox,1438,Phoenix: AZ
Shelton Miss. Jennifer Fuller,female,47,mobile,Edge,1347,Los Angeles: CA
Krause Mr. Russell Smith,male,39,mobile,Chrome,1291,Houston: TX
Dorsey Mr. Marcus Myers,male,42,desktop,Edge,753,Phoenix: AZ
Cummings Mr. Dennis Hancock,male,27,mobile,Edge,137,San Diego: CA
Berry Miss. Pamela Graham,female,52,tablet,Safari,1530,Phoenix: AZ
Strickland Miss. Nina Rios,female,69,desktop,Safari,928,Phoenix: AZ
Harris Miss. Paula Rodriguez,female,36,mobile,Safari,1185,Chicago: IL
Ali Miss. Brenda Knox,female,51,tablet,Firefox,541,San Jose: CA
Smith Mr. Samuel Wallace,male,52,tablet,Opera,1390,New York: NY
Cook Miss. Paula Snyder,female,70,mobile,Edge,1755,St Louis: MO
Graham Miss. Angela Peterson,female,28,mobile,Firefox,307,New York: NY
Cole Miss. Morgan Lane,female,46,mobile,Opera,1153,St Louis: MO
Nguyen Mr. Anthony Collins,male,55,mobile,Opera,1387,Dallas: TX
Klein Mr. Robert Garrett,male,45,tablet,Edge,1762,Chicago: IL
Combs Miss. Donna Miller,female,47,tablet,Edge,392,Los Angeles: CA
Meyer Miss. Tanya Davis,female,49,mobile,Chrome,629,Houston: TX
Miranda Mr. Daniel Nichols,male,47,desktop,Safari,195,San Diego: CA
Jenkins Miss. Haley Velazquez,female,53,tablet,Opera,1942,New York: NY
Collins Miss. Christine Estrada,female,60,tablet,Safari,1581,Chicago: IL
Santiago Miss. Erin Dalton,female,50,mobile,Opera,1558,New York: NY
Rogers Mr. Austin Watson,male,45,mobile,Chrome,1613,New York: NY
Mccormick Mr. Christopher Bell,male,18,desktop,Opera,693,San Diego: CA
Brown Miss. Melinda Marshall,female,33,desktop,Opera,1107,San Diego: CA
Matthews Mr. Joseph Daniels,male,46,mobile,Firefox,234,Philadelphia: PA
